{
  "resources": [
    "50eb98e35bb9b4db01000034.mp3",
    "50eb98e35bb9b4db01000034.ogg"
  ],
  "spritemap": {
    "Laugh": {
      "start": 0,
      "end": 1.28,
      "loop": false
    },
    "MTBrain": {
      "start": 1.28,
      "end": 2.6383673469387756,
      "loop": false
    },
    "zuction": {
      "start": 2.6383673469387756,
      "end": 3.186938775510204,
      "loop": false
    }
  }
}