{
  "resources": [
    "50eb515a9c56a00000000003.mp3",
    "50eb515a9c56a00000000003.ogg"
  ],
  "spritemap": {
    "Slide": {
      "start": 0,
      "end": 0.3929024943310658,
      "loop": false
    },
    "Laugh": {
      "start": 0.3929024943310658,
      "end": 1.6729024943310657,
      "loop": false
    },
    "Spring": {
      "start": 1.6729024943310657,
      "end": 3.7115192743764176,
      "loop": false
    }
  }
}