{
  "resources": [
    "50eb98e35bb9b4db01000036.mp3",
    "50eb98e35bb9b4db01000036.ogg"
  ],
  "spritemap": {
    "Spring": {
      "start": 0,
      "end": 2.0386167800453516,
      "loop": false
    },
    "DoubleBeep": {
      "start": 2.0386167800453516,
      "end": 2.482698412698413,
      "loop": false
    }
  }
}