{
  "resources": [
    "50eb1e321ad7c90000000032.mp3",
    "50eb1e321ad7c90000000032.ogg"
  ],
  "spritemap": {
    "Slide": {
      "start": 0.680249433106576,
      "end": 1.0731519274376418,
      "loop": false
    },
    "Beep": {
      "start": 1.9351927437641723,
      "end": 2.2225396825396824,
      "loop": false
    },
    "Ictus": {
      "start": 2.2225396825396824,
      "end": 3.0062131519274375,
      "loop": false
    }
  }
}