{
  "resources": [
    "50f2a3b240a608232a00003f.mp3",
    "50f2a3b240a608232a00003f.ogg"
  ],
  "spritemap": {
    "Ictus": {
      "start": 3.683265306122449,
      "end": 4.466938775510204,
      "loop": false
    },
    "zuction": {
      "start": 4.466938775510204,
      "end": 5.015510204081633,
      "loop": false
    }
  }
}